{"fast_rcnn/cls_accuracy": 0.080078125, "fast_rcnn/false_negative": 0.0, "fast_rcnn/fg_cls_accuracy": 0.0, "iteration": 19, "loss_box_reg": 0.008898434229195118, "loss_cls": 2.7374839782714844, "loss_rpn_cls": 0.6674849987030029, "loss_rpn_loc": 0.053550323471426964, "lr": 1.9981e-05, "roi_head/num_bg_samples": 509.5, "roi_head/num_fg_samples": 2.5, "rpn/num_neg_anchors": 244.75, "rpn/num_pos_anchors": 11.25, "total_loss": 3.452969936421141}
{"fast_rcnn/cls_accuracy": 0.98876953125, "fast_rcnn/false_negative": 1.0, "fast_rcnn/fg_cls_accuracy": 0.0, "iteration": 39, "loss_box_reg": 0.01888453960418701, "loss_cls": 0.33882173895835876, "loss_rpn_cls": 0.6451391875743866, "loss_rpn_loc": 0.04359017312526703, "lr": 3.9961e-05, "roi_head/num_bg_samples": 506.25, "roi_head/num_fg_samples": 5.75, "rpn/num_neg_anchors": 236.5, "rpn/num_pos_anchors": 19.5, "total_loss": 1.056603692471981}
{"fast_rcnn/cls_accuracy": 0.9833984375, "fast_rcnn/false_negative": 1.0, "fast_rcnn/fg_cls_accuracy": 0.0, "iteration": 59, "loss_box_reg": 0.04219922050833702, "loss_cls": 0.29764746129512787, "loss_rpn_cls": 0.5901319980621338, "loss_rpn_loc": 0.04649559035897255, "lr": 5.9941e-05, "roi_head/num_bg_samples": 503.5, "roi_head/num_fg_samples": 8.5, "rpn/num_neg_anchors": 240.75, "rpn/num_pos_anchors": 15.25, "total_loss": 0.9695703675970435}
{"fast_rcnn/cls_accuracy": 0.978515625, "fast_rcnn/false_negative": 1.0, "fast_rcnn/fg_cls_accuracy": 0.0, "iteration": 79, "loss_box_reg": 0.06508707627654076, "loss_cls": 0.23147979378700256, "loss_rpn_cls": 0.5132891833782196, "loss_rpn_loc": 0.0532996729016304, "lr": 7.992100000000001e-05, "roi_head/num_bg_samples": 501.0, "roi_head/num_fg_samples": 11.0, "rpn/num_neg_anchors": 238.0, "rpn/num_pos_anchors": 18.0, "total_loss": 0.8573361951857805}
{"fast_rcnn/cls_accuracy": 0.98291015625, "fast_rcnn/false_negative": 1.0, "fast_rcnn/fg_cls_accuracy": 0.0, "iteration": 99, "loss_box_reg": 0.06351037323474884, "loss_cls": 0.18363863229751587, "loss_rpn_cls": 0.4123263955116272, "loss_rpn_loc": 0.058049002662301064, "lr": 9.9901e-05, "roi_head/num_bg_samples": 503.25, "roi_head/num_fg_samples": 8.75, "rpn/num_neg_anchors": 247.25, "rpn/num_pos_anchors": 8.75, "total_loss": 0.7269486542791128}
{"fast_rcnn/cls_accuracy": 0.9814453125, "fast_rcnn/false_negative": 1.0, "fast_rcnn/fg_cls_accuracy": 0.0, "iteration": 119, "loss_box_reg": 0.06891906633973122, "loss_cls": 0.16771072149276733, "loss_rpn_cls": 0.3032192587852478, "loss_rpn_loc": 0.04749580658972263, "lr": 0.000119881, "roi_head/num_bg_samples": 502.5, "roi_head/num_fg_samples": 9.5, "rpn/num_neg_anchors": 243.75, "rpn/num_pos_anchors": 12.25, "total_loss": 0.5797031316906214}
{"fast_rcnn/cls_accuracy": 0.97265625, "fast_rcnn/false_negative": 1.0, "fast_rcnn/fg_cls_accuracy": 0.0, "iteration": 139, "loss_box_reg": 0.07599807903170586, "loss_cls": 0.19846320897340775, "loss_rpn_cls": 0.2278962880373001, "loss_rpn_loc": 0.054277725517749786, "lr": 0.000139861, "roi_head/num_bg_samples": 498.0, "roi_head/num_fg_samples": 14.0, "rpn/num_neg_anchors": 241.5, "rpn/num_pos_anchors": 14.5, "total_loss": 0.5668231602758169}
{"fast_rcnn/cls_accuracy": 0.98193359375, "fast_rcnn/false_negative": 1.0, "fast_rcnn/fg_cls_accuracy": 0.0, "iteration": 159, "loss_box_reg": 0.08235079050064087, "loss_cls": 0.17356687784194946, "loss_rpn_cls": 0.171533964574337, "loss_rpn_loc": 0.04506136290729046, "lr": 0.00015984099999999998, "roi_head/num_bg_samples": 502.75, "roi_head/num_fg_samples": 9.25, "rpn/num_neg_anchors": 245.75, "rpn/num_pos_anchors": 10.25, "total_loss": 0.46564407274127007}
{"fast_rcnn/cls_accuracy": 0.97802734375, "fast_rcnn/false_negative": 1.0, "fast_rcnn/fg_cls_accuracy": 0.0, "iteration": 179, "loss_box_reg": 0.09346398338675499, "loss_cls": 0.1984933465719223, "loss_rpn_cls": 0.15703600645065308, "loss_rpn_loc": 0.05223419889807701, "lr": 0.00017982099999999998, "roi_head/num_bg_samples": 500.75, "roi_head/num_fg_samples": 11.25, "rpn/num_neg_anchors": 241.75, "rpn/num_pos_anchors": 14.25, "total_loss": 0.4978502271696925}
{"fast_rcnn/cls_accuracy": 0.97607421875, "fast_rcnn/false_negative": 1.0, "fast_rcnn/fg_cls_accuracy": 0.0, "iteration": 199, "loss_box_reg": 0.10054969042539597, "loss_cls": 0.20462165027856827, "loss_rpn_cls": 0.14083260297775269, "loss_rpn_loc": 0.04764796048402786, "lr": 0.00019980100000000002, "roi_head/num_bg_samples": 499.75, "roi_head/num_fg_samples": 12.25, "rpn/num_neg_anchors": 244.75, "rpn/num_pos_anchors": 11.25, "total_loss": 0.5422192998230457}
{"fast_rcnn/cls_accuracy": 0.9697265625, "fast_rcnn/false_negative": 1.0, "fast_rcnn/fg_cls_accuracy": 0.0, "iteration": 219, "loss_box_reg": 0.11628489196300507, "loss_cls": 0.21786750108003616, "loss_rpn_cls": 0.12113752961158752, "loss_rpn_loc": 0.04566882364451885, "lr": 0.000219781, "roi_head/num_bg_samples": 496.5, "roi_head/num_fg_samples": 15.5, "rpn/num_neg_anchors": 245.25, "rpn/num_pos_anchors": 10.75, "total_loss": 0.5213819593191147}
{"fast_rcnn/cls_accuracy": 0.97216796875, "fast_rcnn/false_negative": 1.0, "fast_rcnn/fg_cls_accuracy": 0.0, "iteration": 239, "loss_box_reg": 0.14325809478759766, "loss_cls": 0.2484225481748581, "loss_rpn_cls": 0.13366380333900452, "loss_rpn_loc": 0.05624858848750591, "lr": 0.000239761, "roi_head/num_bg_samples": 497.75, "roi_head/num_fg_samples": 14.25, "rpn/num_neg_anchors": 237.0, "rpn/num_pos_anchors": 19.0, "total_loss": 0.5700328219681978}
{"fast_rcnn/cls_accuracy": 0.95458984375, "fast_rcnn/false_negative": 1.0, "fast_rcnn/fg_cls_accuracy": 0.0, "iteration": 259, "loss_box_reg": 0.16522306948900223, "loss_cls": 0.2874829173088074, "loss_rpn_cls": 0.11644669994711876, "loss_rpn_loc": 0.04861433245241642, "lr": 0.000259741, "roi_head/num_bg_samples": 488.75, "roi_head/num_fg_samples": 23.25, "rpn/num_neg_anchors": 238.75, "rpn/num_pos_anchors": 17.25, "total_loss": 0.6532305739820004}
{"fast_rcnn/cls_accuracy": 0.95751953125, "fast_rcnn/false_negative": 1.0, "fast_rcnn/fg_cls_accuracy": 0.0, "iteration": 279, "loss_box_reg": 0.1541045382618904, "loss_cls": 0.24967218190431595, "loss_rpn_cls": 0.09801976382732391, "loss_rpn_loc": 0.04043603874742985, "lr": 0.00027972100000000003, "roi_head/num_bg_samples": 490.25, "roi_head/num_fg_samples": 21.75, "rpn/num_neg_anchors": 243.5, "rpn/num_pos_anchors": 12.5, "total_loss": 0.5572229344397783}
{"fast_rcnn/cls_accuracy": 0.96337890625, "fast_rcnn/false_negative": 1.0, "fast_rcnn/fg_cls_accuracy": 0.0, "iteration": 299, "loss_box_reg": 0.16190403699874878, "loss_cls": 0.2529662549495697, "loss_rpn_cls": 0.09586439281702042, "loss_rpn_loc": 0.03978452831506729, "lr": 0.000299701, "roi_head/num_bg_samples": 493.25, "roi_head/num_fg_samples": 18.75, "rpn/num_neg_anchors": 244.25, "rpn/num_pos_anchors": 11.75, "total_loss": 0.552545977756381}
{"fast_rcnn/cls_accuracy": 0.9619140625, "fast_rcnn/false_negative": 1.0, "fast_rcnn/fg_cls_accuracy": 0.0, "iteration": 319, "loss_box_reg": 0.14975208789110184, "loss_cls": 0.23268745839595795, "loss_rpn_cls": 0.10701639577746391, "loss_rpn_loc": 0.04146135598421097, "lr": 0.00031968099999999994, "roi_head/num_bg_samples": 492.5, "roi_head/num_fg_samples": 19.5, "rpn/num_neg_anchors": 245.5, "rpn/num_pos_anchors": 10.5, "total_loss": 0.5375745669007301}
{"fast_rcnn/cls_accuracy": 0.95556640625, "fast_rcnn/false_negative": 1.0, "fast_rcnn/fg_cls_accuracy": 0.0, "iteration": 339, "loss_box_reg": 0.15600994229316711, "loss_cls": 0.24960307776927948, "loss_rpn_cls": 0.11972010135650635, "loss_rpn_loc": 0.048716288059949875, "lr": 0.00033966100000000005, "roi_head/num_bg_samples": 489.25, "roi_head/num_fg_samples": 22.75, "rpn/num_neg_anchors": 244.75, "rpn/num_pos_anchors": 11.25, "total_loss": 0.5585415326058865}
{"fast_rcnn/cls_accuracy": 0.96044921875, "fast_rcnn/false_negative": 1.0, "fast_rcnn/fg_cls_accuracy": 0.0, "iteration": 359, "loss_box_reg": 0.18149112910032272, "loss_cls": 0.27462905645370483, "loss_rpn_cls": 0.09701432287693024, "loss_rpn_loc": 0.043068522587418556,